 {
    "name": "dragongem",
    "title": "Dragon Gem Custom Dice for Dice So Nice",
    "description": "Additional Dice presets and themes for Dice So Nice. Requires Dice So Nice module to work.",
    "version": "0.4",
	"author": "viniciuslance",
	"minimumCoreVersion": "0.7.5",
    "compatibleCoreVersion": "0.8.5",
	"dependencies": [
			{
			  "name": "dice-so-nice",
			  "manifest": "https://gitlab.com/riccisi/foundryvtt-dice-so-nice/raw/master/module/module.json"
			}
	],
	"scripts": [
		"scripts/dragongem.js"
	],
	"url": "https://github.com/viniciuslance/foundryvtt-dragongemdice/",
	"manifest": "https://raw.githubusercontent.com/viniciuslance/foundryvtt-dragongemdice/main/dragongem/module.json",
	"download": "https://raw.githubusercontent.com/viniciuslance/foundryvtt-dragongemdice/main/dragongem.zip",
	"readme": "https://raw.githubusercontent.com/viniciuslance/foundryvtt-dragongemdice/main/README.md"
}
